﻿<metadata>
  <idinfo>
    <citation>
      <citeinfo>
        <origin>Jerry von Dohlen, Humboldt County Building &amp; Planning Department, GIS Analyst</origin>
        <pubdate>20200805</pubdate>
        <title>humz55sp</title>
        <edition>5.5</edition>
        <geoform>vector digital data</geoform>
      </citeinfo>
    </citation>
    <descript>
      <abstract>DRAFT Humboldt County GIS Zoning, Vers. 5.5 *******This data is a DRAFT version and has not be fully reviewed for spatial or attribute accuracy. Please be sure to check source maps for verification of information**************</abstract>
      <purpose>Should be used as a general guide to zoning boundaries for Humboldt County.</purpose>
    </descript>
    <timeperd>
      <timeinfo>
        <sngdate>
          <caldate>20140922</caldate>
        </sngdate>
      </timeinfo>
      <current>Zoning of Humboldt County
</current>
    </timeperd>
    <status>
      <progress>In work</progress>
      <update>Quarterly</update>
    </status>
    <spdom>
      <bounding>
        <westbc>-124.445666</westbc>
        <eastbc>-123.383057</eastbc>
        <northbc>41.474443</northbc>
        <southbc>39.987514</southbc>
      </bounding>
    </spdom>
    <keywords>
      <theme>
        <themekt>ISO 19115 Topic Categories</themekt>
        <themekey>boundaries</themekey>
      </theme>
      <theme>
        <themekt>None</themekt>
        <themekey>Humboldt County GIS Zoning</themekey>
      </theme>
    </keywords>
    <accconst>None</accconst>
    <useconst>Should not be materially relied upon for zoning designations. Humboldt County Planning &amp; Building Department makes no guarantee of the accuracy or completeness of this data. It has not been fully reviewed for accuracy and is intended to be used for planning purposes only. Humboldt County Planning &amp; Building Department assumes no liability or responsibility in the use, or misuse, of this data. While every effort has been made to assure the accuracy of this information, it should be understood that it does not have the force and effect of law, rule, or regulation. Should any difference or error occur, the law will take precedence.</useconst>
    <ptcontac>
      <cntinfo>
        <cntorgp>
          <cntorg>Humboldt County Building &amp; Planning Department</cntorg>
          <cntper>Jerry von Dohlen</cntper>
        </cntorgp>
        <cntpos>GIS Analyst</cntpos>
        <cntaddr>
          <addrtype>mailing and physical</addrtype>
          <address>3015 H Street</address>
          <city>Eureka</city>
          <state>CA</state>
          <postal>95501</postal>
          <country>US</country>
        </cntaddr>
        <cntvoice>707-268-3776</cntvoice>
        <cntfax>707-268-3792</cntfax>
        <cntemail>jvondohlen@co.humboldt.ca.us</cntemail>
        <hours>M-F 8:30 - 5:00</hours>
      </cntinfo>
    </ptcontac>
    <native> Version 6.2 (Build 9200) ; Esri ArcGIS 10.5.1.7333</native>
  </idinfo>
  <spdoinfo>
    <direct>Vector</direct>
    <ptvctinf>
      <sdtsterm>
        <sdtstype>GT-polygon composed of chains</sdtstype>
        <ptvctcnt>5783</ptvctcnt>
      </sdtsterm>
    </ptvctinf>
  </spdoinfo>
  <spref>
    <horizsys>
      <planar>
        <mapproj>
          <mapprojn>NAD 1927 StatePlane California I FIPS 0401</mapprojn>
          <lambertc>
            <stdparll>40.0</stdparll>
            <stdparll>41.66666666666666</stdparll>
            <longcm>-122.0</longcm>
            <latprjo>39.33333333333334</latprjo>
            <feast>2000000.0</feast>
            <fnorth>0.0</fnorth>
          </lambertc>
        </mapproj>
        <planci>
          <plance>coordinate pair</plance>
          <coordrep>
            <absres>0.000000026870594638239712</absres>
            <ordres>0.000000026870594638239712</ordres>
          </coordrep>
          <plandu>foot_us</plandu>
        </planci>
      </planar>
      <geodetic>
        <horizdn>D North American 1927</horizdn>
        <ellips>Clarke 1866</ellips>
        <semiaxis>6378206.4</semiaxis>
        <denflat>294.9786982</denflat>
      </geodetic>
    </horizsys>
  </spref>
  <eainfo>
    <detailed>
      <enttyp>
        <enttypl>humzsp</enttypl>
        <enttypd>Humbold County Zoning</enttypd>
        <enttypds>Zoning Requlations and Community Plans</enttypds>
      </enttyp>
      <attr>
        <attrlabl>FID</attrlabl>
        <attrdef>Internal feature number.</attrdef>
        <attrdefs>ESRI</attrdefs>
        <attrdomv>
          <udom>Sequential unique whole numbers that are automatically generated.</udom>
        </attrdomv>
      </attr>
      <attr>
        <attrlabl>Shape</attrlabl>
        <attrdef>Feature geometry.</attrdef>
        <attrdefs>ESRI</attrdefs>
        <attrdomv>
          <udom>Coordinates defining the features.</udom>
        </attrdomv>
      </attr>
      <attr>
        <attrlabl>ZONING</attrlabl>
        <attrdef>Zoning Designation</attrdef>
        <attrdefs>HumCo Planning</attrdefs>
        <attrdomv>
          <udom>Zoning Designation</udom>
        </attrdomv>
      </attr>
      <attr>
        <attrlabl>WR</attrlabl>
        <attrdef>Coastal Wetlands, Streams and Riparian Corridor Protection </attrdef>
        <attrdefs>Zoning Regulations</attrdefs>
        <attrdomv>
          <udom>Coastal Wetlands, Streams and Riparian Corridor Protection </udom>
        </attrdomv>
      </attr>
      <attr>
        <attrlabl>AP</attrlabl>
        <attrdef>Airport Safety Review </attrdef>
        <attrdefs>Zoning Regulations</attrdefs>
        <attrdomv>
          <udom>Airport Safety Review </udom>
        </attrdomv>
      </attr>
      <attr>
        <attrlabl>N</attrlabl>
        <attrdef>Noise Impact</attrdef>
        <attrdefs>Zoning Regulations</attrdefs>
        <attrdomv>
          <udom>Noise Impact</udom>
        </attrdomv>
      </attr>
      <attr>
        <attrlabl>SPLITZONE</attrlabl>
        <attrdef>Zone Split by coastal zone</attrdef>
        <attrdefs>Zoning Regulations</attrdefs>
        <attrdomv>
          <udom>Zone Split by coastal zone</udom>
        </attrdomv>
      </attr>
      <attr>
        <attrlabl>AE</attrlabl>
        <attrdef>Resource Agriculture Exclusive </attrdef>
        <attrdefs>Zoning Regulations</attrdefs>
        <attrdomv>
          <udom>Resource Agriculture Exclusive </udom>
        </attrdomv>
      </attr>
      <attr>
        <attrlabl>TPZ</attrlabl>
        <attrdef>Resource Timberland Production </attrdef>
        <attrdefs>Zoning Regulations</attrdefs>
        <attrdomv>
          <udom>Resource Timberland Production </udom>
        </attrdomv>
      </attr>
      <attr>
        <attrlabl>AG</attrlabl>
        <attrdef>Resource Agriculture General </attrdef>
        <attrdefs>Zoning Regulations</attrdefs>
        <attrdomv>
          <udom>Resource Agriculture General </udom>
        </attrdomv>
      </attr>
      <attr>
        <attrlabl>U</attrlabl>
        <attrdef>Unclassified </attrdef>
        <attrdefs>Zoning Regulations</attrdefs>
        <attrdomv>
          <udom>Unclassified </udom>
        </attrdomv>
      </attr>
      <attr>
        <attrlabl>AREA</attrlabl>
        <attrdef>Area in Square Feet</attrdef>
        <attrdefs>humz</attrdefs>
        <attrdomv>
          <edom>
            <edomv>Area</edomv>
            <edomvd>Coverage</edomvd>
            <edomvds>By Calculation</edomvds>
          </edom>
        </attrdomv>
      </attr>
      <attr>
        <attrlabl>ACRES</attrlabl>
        <attrdef>Zoning Area (ac)</attrdef>
        <attrdefs>humz</attrdefs>
        <attrdomv>
          <edom>
            <edomv>Acres</edomv>
            <edomvd>Coverage</edomvd>
            <edomvds>By Calculation</edomvds>
          </edom>
        </attrdomv>
      </attr>
      <attr>
        <attrlabl>EDITORNAME</attrlabl>
        <attrdef>Last Known Editor of Zoning</attrdef>
        <attrdefs>humz</attrdefs>
        <attrdomv>
          <udom>Editor Name</udom>
        </attrdomv>
      </attr>
      <attr>
        <attrlabl>LASTUPDATE</attrlabl>
        <attrdef>Last Known Date of Zoning Edit</attrdef>
        <attrdefs>Last Known Edit of Zoning</attrdefs>
        <attrdomv>
          <udom>Edit Date</udom>
        </attrdomv>
      </attr>
      <attr>
        <attrlabl>FILE</attrlabl>
        <attrdef>File Path to Q Zone Description</attrdef>
        <attrdefs>Planning</attrdefs>
        <attrdomv>
          <udom>File Path</udom>
        </attrdomv>
      </attr>
      <attr>
        <attrlabl>ABRREV</attrlabl>
        <attrdef>Q Zone (y/n)</attrdef>
        <attrdefs>Planning</attrdefs>
        <attrdomv>
          <udom>Q Zone</udom>
        </attrdomv>
      </attr>
      <attr>
        <attrlabl>EditorName</attrlabl>
        <attrdef>Last Known Editor of Zoning</attrdef>
        <attrdefs>GIS Analyst</attrdefs>
        <attrdomv>
          <udom>Editor Name</udom>
        </attrdomv>
      </attr>
      <attr>
        <attrlabl>LastUpdate</attrlabl>
        <attrdef>Zone abbreviation</attrdef>
        <attrdefs>Planning</attrdefs>
        <attrdomv>
          <udom>Zone abbreviation</udom>
        </attrdomv>
      </attr>
    </detailed>
  </eainfo>
  <distinfo>
    <distrib>
      <cntinfo>
        <cntorgp>
          <cntorg>Humboldt County Building &amp; Planning Department</cntorg>
          <cntper>Jerry von Dohlen</cntper>
        </cntorgp>
        <cntpos>GIS Analyst</cntpos>
        <cntaddr>
          <addrtype>mailing and physical</addrtype>
          <address>3015 H Street</address>
          <city>Eureka</city>
          <state>CA</state>
          <postal>95501</postal>
          <country>US</country>
        </cntaddr>
        <cntvoice>707-268-3776</cntvoice>
        <cntfax>707-268-3792</cntfax>
        <cntemail>jvondohlen@co.humboldt.ca.us</cntemail>
        <hours>M-F 8:30 - 5:00</hours>
      </cntinfo>
    </distrib>
    <distliab>By Request
</distliab>
    <stdorder>
      <digform>
        <digtopt />
      </digform>
    </stdorder>
  </distinfo>
  <metainfo>
    <metd>20200805</metd>
    <metc>
      <cntinfo>
        <cntorgp>
          <cntorg>Humboldt County Building &amp; Planning Department</cntorg>
          <cntper>Jerry von Dohlen</cntper>
        </cntorgp>
        <cntpos>GIS Analyst</cntpos>
        <cntaddr>
          <addrtype>mailing and physical</addrtype>
          <address>3015 H Street</address>
          <city>Eureka</city>
          <state>CA</state>
          <postal>95501</postal>
          <country>US</country>
        </cntaddr>
        <cntvoice>707-268-3776</cntvoice>
        <cntfax>707-268-3792</cntfax>
        <cntemail>jvondohlen@co.humboldt.ca.us</cntemail>
        <hours>M-F 8:30 - 5:00</hours>
      </cntinfo>
    </metc>
    <metstdn>FGDC Content Standard for Digital Geospatial Metadata</metstdn>
    <metstdv>FGDC-STD-001-1998</metstdv>
    <mettc>local time</mettc>
  </metainfo>
</metadata>